{
  "dcr": {
    "synthetic_to_original_p5": 0.0077985033596390295,
    "within_original_p5": 2.679711151309938e-05
  },
  "nndr": {
    "synthetic_to_original_p5": 0.17748757256223757,
    "within_original_p5": 0.5
  }
}