{
  "dcr": {
    "synthetic_to_original_p5": 0.03523380865489359,
    "within_original_p5": 9.5613147375051e-06
  },
  "nndr": {
    "synthetic_to_original_p5": 0.5147842057002684,
    "within_original_p5": 0.0035797102511179123
  }
}