{
  "attack_config": {
    "distance_metric": "euclidean",
    "optimization_metric": "f1",
    "target_sample_per_set": 40000,
    "synthetic_multiplier": 1.5,
    "dataset_specific_limit": 25000,
    "feature_columns": [
      "insurants_year_of_birth",
      "insurants_gender",
      "insurance_data_regional_code",
      "inpatient_cases_date_of_admission",
      "inpatient_cases_department_admission",
      "inpatient_diagnosis_diagnosis",
      "inpatient_procedures_procedure_code"
    ],
    "n_features": 7
  },
  "dataset_info": {
    "n_training_records": 40000,
    "n_holdout_records": 40000,
    "n_synthetic_records": 1521,
    "total_target_records": 80000
  },
  "threshold_optimization": {
    "best_threshold": 2.1035833163296744,
    "best_score": 0.6607046979865772,
    "optimization_metric": "f1"
  },
  "attack_performance": {
    "threshold": 2.1035833163296744,
    "accuracy": 0.49445,
    "precision": 0.4971969696969697,
    "recall": 0.98445,
    "f1_score": 0.6607046979865772,
    "auc_roc": 0.522709915625,
    "confusion_matrix": {
      "true_positives": 39378,
      "false_positives": 39822,
      "true_negatives": 178,
      "false_negatives": 622
    },
    "distance_statistics": {
      "member_distances": {
        "mean": 1.0245463286394163,
        "std": 0.3722642807925834,
        "min": 0.047847856444555616,
        "max": 2.529206461985106,
        "median": 0.966767094417157
      },
      "non_member_distances": {
        "mean": 1.0249496463886218,
        "std": 0.3038294724929372,
        "min": 0.1737873006874161,
        "max": 2.470509072218165,
        "median": 1.0074915464588876
      }
    }
  },
  "visualization_path": "results/mia_attacks\\mia_distances_20250529_155355.png",
  "timestamp": "2025-05-29T15:53:56.971697"
}