{
  "attack_config": {
    "distance_metric": "euclidean",
    "optimization_metric": "f1",
    "target_sample_per_set": 40000,
    "synthetic_multiplier": 1.5,
    "dataset_specific_limit": 30000,
    "feature_columns": [
      "insurants_year_of_birth",
      "insurants_gender",
      "insurance_data_regional_code",
      "inpatient_cases_date_of_admission",
      "inpatient_cases_department_admission",
      "inpatient_diagnosis_diagnosis",
      "inpatient_procedures_procedure_code"
    ],
    "n_features": 7
  },
  "dataset_info": {
    "n_training_records": 40000,
    "n_holdout_records": 40000,
    "n_synthetic_records": 30000,
    "total_target_records": 80000
  },
  "threshold_optimization": {
    "best_threshold": 1.7302997105770825,
    "best_score": 0.6697466216216216,
    "optimization_metric": "f1"
  },
  "attack_performance": {
    "threshold": 1.7302997105770825,
    "accuracy": 0.511225,
    "precision": 0.5057270408163266,
    "recall": 0.991225,
    "f1_score": 0.6697466216216216,
    "auc_roc": 0.528287321875,
    "confusion_matrix": {
      "true_positives": 39649,
      "false_positives": 38751,
      "true_negatives": 1249,
      "false_negatives": 351
    },
    "distance_statistics": {
      "member_distances": {
        "mean": 0.8374690019086359,
        "std": 0.3398222657139973,
        "min": 0.07473278776052639,
        "max": 2.629486485090423,
        "median": 0.7706168259334707
      },
      "non_member_distances": {
        "mean": 0.889958033761772,
        "std": 0.4014879079094423,
        "min": 0.03712182288539553,
        "max": 2.8664175131613994,
        "median": 0.7878595402913335
      }
    }
  },
  "visualization_path": "results/mia_attacks\\mia_distances_20250530_151124.png",
  "timestamp": "2025-05-30T15:11:25.251992"
}