{
  "attack_config": {
    "distance_metric": "euclidean",
    "optimization_metric": "f1",
    "target_sample_per_set": 40000,
    "synthetic_multiplier": 1.5,
    "dataset_specific_limit": null,
    "feature_columns": [
      "insurants_year_of_birth",
      "insurants_gender",
      "insurance_data_regional_code",
      "inpatient_cases_date_of_admission",
      "inpatient_cases_department_admission",
      "inpatient_diagnosis_diagnosis",
      "inpatient_procedures_procedure_code"
    ],
    "n_features": 7
  },
  "dataset_info": {
    "n_training_records": 40000,
    "n_holdout_records": 40000,
    "n_synthetic_records": 120000,
    "total_target_records": 80000
  },
  "threshold_optimization": {
    "best_threshold": 0.9350806154598222,
    "best_score": 0.6766780821917808,
    "optimization_metric": "f1"
  },
  "attack_performance": {
    "threshold": 0.9350806154598222,
    "accuracy": 0.52795,
    "precision": 0.5145572916666666,
    "recall": 0.98795,
    "f1_score": 0.6766780821917808,
    "auc_roc": 0.5811314103124999,
    "confusion_matrix": {
      "true_positives": 39518,
      "false_positives": 37282,
      "true_negatives": 2718,
      "false_negatives": 482
    },
    "distance_statistics": {
      "member_distances": {
        "mean": 0.46673527542420135,
        "std": 0.2483871271217689,
        "min": 0.01786504408318801,
        "max": 1.6897130731953296,
        "median": 0.5081814415512889
      },
      "non_member_distances": {
        "mean": 0.5745379906534474,
        "std": 0.3535359324378767,
        "min": 0.01786504408318801,
        "max": 2.6402296733378603,
        "median": 0.5465990160530937
      }
    }
  },
  "visualization_path": "results/mia_attacks\\mia_distances_20250530_141737.png",
  "timestamp": "2025-05-30T14:17:38.171339"
}