{
  "attack_config": {
    "distance_metric": "euclidean",
    "optimization_metric": "f1",
    "target_sample_per_set": 40000,
    "synthetic_multiplier": 1.5,
    "dataset_specific_limit": 20000,
    "feature_columns": [
      "insurants_year_of_birth",
      "insurants_gender",
      "insurance_data_regional_code",
      "inpatient_cases_date_of_admission",
      "inpatient_cases_department_admission",
      "inpatient_diagnosis_diagnosis",
      "inpatient_procedures_procedure_code"
    ],
    "n_features": 7
  },
  "dataset_info": {
    "n_training_records": 40000,
    "n_holdout_records": 40000,
    "n_synthetic_records": 5472,
    "total_target_records": 80000
  },
  "threshold_optimization": {
    "best_threshold": 2.5995004985579553,
    "best_score": 0.6635689655172414,
    "optimization_metric": "f1"
  },
  "attack_performance": {
    "threshold": 2.5995004985579553,
    "accuracy": 0.512175,
    "precision": 0.5064078947368421,
    "recall": 0.962175,
    "f1_score": 0.6635689655172414,
    "auc_roc": 0.46643413062500005,
    "confusion_matrix": {
      "true_positives": 38487,
      "false_positives": 37513,
      "true_negatives": 2487,
      "false_negatives": 1513
    },
    "distance_statistics": {
      "member_distances": {
        "mean": 1.4190705041648701,
        "std": 0.5468153800150627,
        "min": 0.1094020132421419,
        "max": 3.502559536385249,
        "median": 1.339673074932985
      },
      "non_member_distances": {
        "mean": 1.3916195880641025,
        "std": 0.5562265254845502,
        "min": 0.1886161093916572,
        "max": 3.2423888954642215,
        "median": 1.2595664316449553
      }
    }
  },
  "visualization_path": "results/mia_attacks\\mia_distances_20250529_155559.png",
  "timestamp": "2025-05-29T15:56:00.963038"
}