{
  "attack_config": {
    "distance_metric": "euclidean",
    "optimization_metric": "f1",
    "target_sample_per_set": 40000,
    "synthetic_multiplier": 1.5,
    "dataset_specific_limit": 20000,
    "feature_columns": [
      "insurants_year_of_birth",
      "insurants_gender",
      "insurance_data_regional_code",
      "inpatient_cases_date_of_admission",
      "inpatient_cases_department_admission",
      "inpatient_diagnosis_diagnosis",
      "inpatient_procedures_procedure_code"
    ],
    "n_features": 7
  },
  "dataset_info": {
    "n_training_records": 40000,
    "n_holdout_records": 40000,
    "n_synthetic_records": 5472,
    "total_target_records": 80000
  },
  "threshold_optimization": {
    "best_threshold": 2.519474667773038,
    "best_score": 0.6736840290349834,
    "optimization_metric": "f1"
  },
  "attack_performance": {
    "threshold": 2.519474667773038,
    "accuracy": 0.52685,
    "precision": 0.5141319508408116,
    "recall": 0.976825,
    "f1_score": 0.6736840290349834,
    "auc_roc": 0.5044906909375,
    "confusion_matrix": {
      "true_positives": 39073,
      "false_positives": 36925,
      "true_negatives": 3075,
      "false_negatives": 927
    },
    "distance_statistics": {
      "member_distances": {
        "mean": 1.412443590581806,
        "std": 0.4996830893611098,
        "min": 0.1254595376830005,
        "max": 3.3892392021800193,
        "median": 1.3534163595536461
      },
      "non_member_distances": {
        "mean": 1.4397858349439314,
        "std": 0.5561813556063105,
        "min": 0.14073345163655865,
        "max": 3.619914246460882,
        "median": 1.3557539601945865
      }
    }
  },
  "visualization_path": "results/mia_attacks\\mia_distances_20250530_144502.png",
  "timestamp": "2025-05-30T14:45:03.210172"
}