{
  "attack_config": {
    "distance_metric": "euclidean",
    "optimization_metric": "f1",
    "target_sample_per_set": 40000,
    "synthetic_multiplier": 1.5,
    "dataset_specific_limit": 25000,
    "feature_columns": [
      "insurants_year_of_birth",
      "insurants_gender",
      "insurance_data_regional_code",
      "inpatient_cases_date_of_admission",
      "inpatient_cases_department_admission",
      "inpatient_diagnosis_diagnosis",
      "inpatient_procedures_procedure_code"
    ],
    "n_features": 7
  },
  "dataset_info": {
    "n_training_records": 40000,
    "n_holdout_records": 40000,
    "n_synthetic_records": 1521,
    "total_target_records": 80000
  },
  "threshold_optimization": {
    "best_threshold": 2.1046364085659683,
    "best_score": 0.667891509156956,
    "optimization_metric": "f1"
  },
  "attack_performance": {
    "threshold": 2.1046364085659683,
    "accuracy": 0.5051625,
    "precision": 0.5026073561534868,
    "recall": 0.99515,
    "f1_score": 0.667891509156956,
    "auc_roc": 0.519444504375,
    "confusion_matrix": {
      "true_positives": 39806,
      "false_positives": 39393,
      "true_negatives": 607,
      "false_negatives": 194
    },
    "distance_statistics": {
      "member_distances": {
        "mean": 1.0121404775362033,
        "std": 0.3633816270583184,
        "min": 0.16033072418143907,
        "max": 2.485449114302934,
        "median": 0.9658413560521504
      },
      "non_member_distances": {
        "mean": 1.0402636573212094,
        "std": 0.37038585957583886,
        "min": 0.12639781195172378,
        "max": 2.666525612437929,
        "median": 0.9958082259480402
      }
    }
  },
  "visualization_path": "results/mia_attacks\\mia_distances_20250530_143104.png",
  "timestamp": "2025-05-30T14:31:05.114144"
}